user_id,title,type,language
0,Wissenschaft im Brennpunkt,Science,German
0,KUNST PAUSE,Art,German
0,Gemischtes Hack,Comedy,German
1,Serial,True Crime,English
1,The Vergecast,Technology,English
1,Comedy Bang Bang,Comedy,English
2,The Art History Babes,Art,English
2,Healthier Together,Health,English
2,All Songs Considered,Music,English
3,Popcast,Music,German
3,Deutschland3000,Society,German
4,CT Uplink,Technology,German
4,Kicker meets DAZN,Sports,German
4,Deutschland3000,Society,German
5,Waveform,Technology,English
5,Hidden Brain,Society,English
6,My Favorite Murder,True Crime,English
6,Comedy Bang Bang,Comedy,English
6,Switched on Pop,Music,English
7,KUNST PAUSE,Art,German
7,Buddhaweisheit,Spirituality,German
7,Gemischtes Hack,Comedy,German
7,Und was machst du am Wochenende?,Sports,German
8,KUNST DRUCK,Art,German
8,IQ Wissenschaft und Forschung,Science,German
8,Kicker meets DAZN,Sports,German
8,Reflektor,Music,German
9,Oprah’s SuperSoul,Spirituality,English
9,The Art History Babes,Art,English
10,How I Built This,Business,English
10,Radiolab,Science,English
10,ArtCurious,Art,English
11,Radiolab,Science,English
11,Switched on Pop,Music,English
11,ArtCurious,Art,English
12,OMR Podcast,Business,German
12,Kicker meets DAZN,Sports,German
12,KUNST DRUCK,Art,German
12,Buddhaweisheit,Spirituality,German
13,Business Wars,Business,English
13,The Ezra Klein Show,Society,English
14,All Songs Considered,Music,English
14,Code Switch,Society,English
14,The Infinite Monkey Cage,Science,English
14,Talk Art,Art,English
15,KUNST DRUCK,Art,German
15,Wissenschaft im Brennpunkt,Science,German
15,Apotheken Umschau,Health,German
16,Radiolab,Science,English
16,Serial,True Crime,English
17,Serial,True Crime,English
17,The Infinite Monkey Cage,Science,English
17,Hidden Brain,Society,English
18,Deutschland3000,Society,German
18,brand eins Podcast,Business,German
18,Lage der Liga,Sports,German
19,The Infinite Monkey Cage,Science,English
19,Comedy Bang Bang,Comedy,English
19,Song Exploder,Music,English
19,Waveform,Technology,English
20,The Tim Ferriss Show,Business,English
20,Reply All,Technology,English
20,Hidden Brain,Society,English
20,The Bill Simmons Podcast,Sports,English
21,Logbuch:Netzpolitik,Technology,German
21,Und was machst du am Wochenende?,Sports,German
21,brand eins Podcast,Business,German
22,Die sogenannte Gegenwart,Society,German
22,Baywatch Berlin,Comedy,German
22,KUNST PAUSE,Art,German
22,Logbuch:Netzpolitik,Technology,German
23,My Dad Wrote A Porno,Comedy,English
23,All Songs Considered,Music,English
23,How I Built This,Business,English
23,The Art History Babes,Art,English
23,Reply All,Technology,English
24,Switched on Pop,Music,English
24,Pardon My Take,Sports,English
24,My Favorite Murder,True Crime,English
24,The Tim Ferriss Show,Business,English
25,My Dad Wrote A Porno,Comedy,English
25,Switched on Pop,Music,English
26,A New Earth,Spirituality,English
26,Science Vs,Science,English
26,Song Exploder,Music,English
27,How I Built This,Business,English
27,My Favorite Murder,True Crime,English
27,Feel Better Live More,Health,English
27,The Ezra Klein Show,Society,English
28,Herzzeit,Spirituality,German
28,Handelsblatt Today,Business,German
28,Reflektor,Music,German
29,Crime Junkie,True Crime,English
29,The Vergecast,Technology,English
30,The Vergecast,Technology,English
30,Switched on Pop,Music,English
30,Code Switch,Society,English
30,How I Built This,Business,English
31,Waveform,Technology,English
31,Serial,True Crime,English
31,Business Wars,Business,English
32,A New Earth,Spirituality,English
32,Science Vs,Science,English
32,Talk Art,Art,English
32,Serial,True Crime,English
32,The Doctor's Farmacy,Health,English
33,All Songs Considered,Music,English
33,Football Weekly,Sports,English
33,How I Built This,Business,English
34,The Doctor's Farmacy,Health,English
34,Talk Art,Art,English
34,Song Exploder,Music,English
35,All Songs Considered,Music,English
35,The Infinite Monkey Cage,Science,English
35,Oprah’s SuperSoul,Spirituality,English
35,Business Wars,Business,English
36,Einmal täglich Glück,Health,German
36,Popcast,Music,German
36,CT Uplink,Technology,German
37,The Art History Babes,Art,English
37,The Vergecast,Technology,English
37,Football Weekly,Sports,English
38,Gesund Leben,Health,German
38,Herzzeit,Spirituality,German
39,Reflektor,Music,German
39,Herzzeit,Spirituality,German
40,Cosmo – Machiavelli,Society,German
40,Wissenschaft im Brennpunkt,Science,German
40,Fest & Flauschig,Comedy,German
40,brand eins Podcast,Business,German
41,Waveform,Technology,English
41,Healthier Together,Health,English
41,The Daily Show: Ears Edition,Comedy,English
42,Cosmo – Machiavelli,Society,German
42,Mordlust,True Crime,German
42,KUNST DRUCK,Art,German
42,OMR Podcast,Business,German
42,Einmal täglich Glück,Health,German
43,Fest & Flauschig,Comedy,German
43,Handelsblatt Today,Business,German
43,Verbrechen,True Crime,German
43,SWR2 Wissen,Science,German
44,Cosmo – Machiavelli,Society,German
44,Buddhaweisheit,Spirituality,German
45,The Vergecast,Technology,English
45,Radiolab,Science,English
46,The Daily Show: Ears Edition,Comedy,English
46,The Tim Ferriss Show,Business,English
47,All Songs Considered,Music,English
47,Business Wars,Business,English
47,Hidden Brain,Society,English
47,Feel Better Live More,Health,English
48,Oprah’s SuperSoul,Spirituality,English
48,Football Weekly,Sports,English
48,Science Vs,Science,English
49,On Being,Spirituality,English
49,Comedy Bang Bang,Comedy,English
49,The Bill Simmons Podcast,Sports,English
49,The Vergecast,Technology,English
50,Science Vs,Science,English
50,Talk Art,Art,English
50,On Being,Spirituality,English
50,Pardon My Take,Sports,English
51,The Daily Show: Ears Edition,Comedy,English
51,Code Switch,Society,English
52,Comedy Bang Bang,Comedy,English
52,Pardon My Take,Sports,English
52,Morbid,True Crime,English
52,Reply All,Technology,English
53,Der kreative Flow,Art,German
53,Der spirituelle Podcast,Spirituality,German
54,My Favorite Murder,True Crime,English
54,The Art History Babes,Art,English
54,The Vergecast,Technology,English
54,Hidden Brain,Society,English
55,CT Uplink,Technology,German
55,Und was machst du am Wochenende?,Sports,German
55,Einmal täglich Glück,Health,German
55,Buddhaweisheit,Spirituality,German
55,KUNST PAUSE,Art,German
56,Song Exploder,Music,English
56,The Vergecast,Technology,English
56,The Doctor's Farmacy,Health,English
56,Oprah’s SuperSoul,Spirituality,English
56,The Art History Babes,Art,English
57,Pardon My Take,Sports,English
57,The Art History Babes,Art,English
57,Healthier Together,Health,English
57,The Ezra Klein Show,Society,English
58,Business Wars,Business,English
58,Waveform,Technology,English
59,ArtCurious,Art,English
59,Song Exploder,Music,English
59,The Infinite Monkey Cage,Science,English
59,Business Wars,Business,English
59,Hidden Brain,Society,English
60,Healthier Together,Health,English
60,How I Built This,Business,English
60,My Dad Wrote A Porno,Comedy,English
61,Cosmo – Machiavelli,Society,German
61,KUNST PAUSE,Art,German
61,Kicker meets DAZN,Sports,German
61,Wissenschaft im Brennpunkt,Science,German
61,Reflektor,Music,German
62,Technik und mehr,Technology,German
62,KUNST DRUCK,Art,German
62,Deutschland3000,Society,German
62,Gesund Leben,Health,German
62,SWR2 Wissen,Science,German
63,brand eins Podcast,Business,German
63,Buddhaweisheit,Spirituality,German
64,Talk Art,Art,English
64,The Daily Show: Ears Edition,Comedy,English
64,Football Weekly,Sports,English
64,Radiolab,Science,English
65,OMR Podcast,Business,German
65,Buddhaweisheit,Spirituality,German
65,Verbrechen,True Crime,German
66,Talk Art,Art,English
66,Healthier Together,Health,English
66,Serial,True Crime,English
66,The Daily Show: Ears Edition,Comedy,English
67,Morbid,True Crime,English
67,The Bill Simmons Podcast,Sports,English
67,The Tim Ferriss Show,Business,English
67,Comedy Bang Bang,Comedy,English
67,The Ezra Klein Show,Society,English
68,KUNST DRUCK,Art,German
68,Deutschland3000,Society,German
69,The Art History Babes,Art,English
69,Serial,True Crime,English
69,The Vergecast,Technology,English
70,The Ezra Klein Show,Society,English
70,The Bill Simmons Podcast,Sports,English
70,Waveform,Technology,English
71,Mordlust,True Crime,German
71,Der kreative Flow,Art,German
72,The Art History Babes,Art,English
72,Comedy Bang Bang,Comedy,English
72,Code Switch,Society,English
72,Song Exploder,Music,English
72,Radiolab,Science,English
73,Oprah’s SuperSoul,Spirituality,English
73,Crime Junkie,True Crime,English
73,Business Wars,Business,English
74,Mordlust,True Crime,German
74,Popcast,Music,German
74,IQ Wissenschaft und Forschung,Science,German
75,The Vergecast,Technology,English
75,The Daily Show: Ears Edition,Comedy,English
75,Serial,True Crime,English
75,ArtCurious,Art,English
75,A New Earth,Spirituality,English
76,Reflektor,Music,German
76,Verbrechen,True Crime,German
76,Handelsblatt Today,Business,German
76,KUNST PAUSE,Art,German
76,Gemischtes Hack,Comedy,German
77,Feel Better Live More,Health,English
77,Radiolab,Science,English
77,Serial,True Crime,English
78,ArtCurious,Art,English
78,My Favorite Murder,True Crime,English
78,Hidden Brain,Society,English
79,Der spirituelle Podcast,Spirituality,German
79,Wissenschaft im Brennpunkt,Science,German
80,On Being,Spirituality,English
80,Hidden Brain,Society,English
80,Healthier Together,Health,English
81,The Tim Ferriss Show,Business,English
81,Science Vs,Science,English
82,All Songs Considered,Music,English
82,How I Built This,Business,English
82,On Being,Spirituality,English
83,Reply All,Technology,English
83,On Being,Spirituality,English
83,The Ezra Klein Show,Society,English
84,Code Switch,Society,English
84,The Infinite Monkey Cage,Science,English
84,Healthier Together,Health,English
84,Reply All,Technology,English
84,Talk Art,Art,English
85,Lage der Liga,Sports,German
85,CT Uplink,Technology,German
85,Herzzeit,Spirituality,German
86,Crime Junkie,True Crime,English
86,Business Wars,Business,English
86,The Art History Babes,Art,English
86,Science Vs,Science,English
86,Feel Better Live More,Health,English
87,Talk Art,Art,English
87,The Vergecast,Technology,English
87,The Bill Simmons Podcast,Sports,English
87,The Ezra Klein Show,Society,English
88,ArtCurious,Art,English
88,Hidden Brain,Society,English
89,Der spirituelle Podcast,Spirituality,German
89,Die sogenannte Gegenwart,Society,German
89,Technik und mehr,Technology,German
90,Comedy Bang Bang,Comedy,English
90,How I Built This,Business,English
90,Code Switch,Society,English
90,On Being,Spirituality,English
90,Talk Art,Art,English
91,Code Switch,Society,English
91,Waveform,Technology,English
91,Talk Art,Art,English
91,The Doctor's Farmacy,Health,English
92,The Tim Ferriss Show,Business,English
92,Reply All,Technology,English
92,The Ezra Klein Show,Society,English
92,Oprah’s SuperSoul,Spirituality,English
93,Crime Junkie,True Crime,English
93,Radiolab,Science,English
93,How I Built This,Business,English
94,A New Earth,Spirituality,English
94,Feel Better Live More,Health,English
94,The Ezra Klein Show,Society,English
95,Football Weekly,Sports,English
95,The Doctor's Farmacy,Health,English
95,The Art History Babes,Art,English
95,Radiolab,Science,English
96,How I Built This,Business,English
96,My Favorite Murder,True Crime,English
97,Switched on Pop,Music,English
97,Reply All,Technology,English
97,Comedy Bang Bang,Comedy,English
98,Comedy Bang Bang,Comedy,English
98,A New Earth,Spirituality,English
98,Football Weekly,Sports,English
98,Code Switch,Society,English
98,ArtCurious,Art,English
99,Talk Art,Art,English
99,Comedy Bang Bang,Comedy,English
100,Lage der Liga,Sports,German
100,Der spirituelle Podcast,Spirituality,German
100,Logbuch:Netzpolitik,Technology,German
100,OMR Podcast,Business,German
100,Fest & Flauschig,Comedy,German
101,Lage der Liga,Sports,German
101,Fest & Flauschig,Comedy,German
101,Technik und mehr,Technology,German
101,Der kreative Flow,Art,German
102,Waveform,Technology,English
102,Business Wars,Business,English
102,Science Vs,Science,English
102,My Dad Wrote A Porno,Comedy,English
102,My Favorite Murder,True Crime,English
103,Code Switch,Society,English
103,The Art History Babes,Art,English
103,Morbid,True Crime,English
103,The Infinite Monkey Cage,Science,English
104,Reply All,Technology,English
104,My Dad Wrote A Porno,Comedy,English
105,Radiolab,Science,English
105,Code Switch,Society,English
105,Talk Art,Art,English
105,Reply All,Technology,English
105,Business Wars,Business,English
106,The Tim Ferriss Show,Business,English
106,Serial,True Crime,English
106,The Doctor's Farmacy,Health,English
107,Switched on Pop,Music,English
107,The Infinite Monkey Cage,Science,English
107,Feel Better Live More,Health,English
107,On Being,Spirituality,English
108,Und was machst du am Wochenende?,Sports,German
108,Baywatch Berlin,Comedy,German
109,The Tim Ferriss Show,Business,English
109,Morbid,True Crime,English
109,Radiolab,Science,English
110,Hidden Brain,Society,English
110,The Art History Babes,Art,English
110,Waveform,Technology,English
110,The Bill Simmons Podcast,Sports,English
110,All Songs Considered,Music,English
111,Pardon My Take,Sports,English
111,The Vergecast,Technology,English
111,My Dad Wrote A Porno,Comedy,English
111,The Tim Ferriss Show,Business,English
112,Reflektor,Music,German
112,Cosmo – Machiavelli,Society,German
112,Gemischtes Hack,Comedy,German
113,Einmal täglich Glück,Health,German
113,Technik und mehr,Technology,German
113,Handelsblatt Today,Business,German
113,Kicker meets DAZN,Sports,German
113,Laut gegen Nazis,Music,German
114,Laut gegen Nazis,Music,German
114,Verbrechen,True Crime,German
114,Herzzeit,Spirituality,German
114,Handelsblatt Today,Business,German
115,brand eins Podcast,Business,German
115,Kicker meets DAZN,Sports,German
115,Der kreative Flow,Art,German
116,Deutschland3000,Society,German
116,Lage der Liga,Sports,German
116,Gemischtes Hack,Comedy,German
117,Comedy Bang Bang,Comedy,English
117,Switched on Pop,Music,English
117,Hidden Brain,Society,English
118,On Being,Spirituality,English
118,The Ezra Klein Show,Society,English
118,Switched on Pop,Music,English
118,Comedy Bang Bang,Comedy,English
118,Radiolab,Science,English
119,Laut gegen Nazis,Music,German
119,Apotheken Umschau,Health,German
119,Gemischtes Hack,Comedy,German
120,The Vergecast,Technology,English
120,Radiolab,Science,English
120,Pardon My Take,Sports,English
120,Crime Junkie,True Crime,English
120,The Doctor's Farmacy,Health,English
121,Feel Better Live More,Health,English
121,Crime Junkie,True Crime,English
122,Hidden Brain,Society,English
122,How I Built This,Business,English
122,Science Vs,Science,English
122,The Bill Simmons Podcast,Sports,English
123,On Being,Spirituality,English
123,Morbid,True Crime,English
124,Fest & Flauschig,Comedy,German
124,Die sogenannte Gegenwart,Society,German
125,Business Wars,Business,English
125,Song Exploder,Music,English
126,Apotheken Umschau,Health,German
126,Buddhaweisheit,Spirituality,German
126,Baywatch Berlin,Comedy,German
126,Kicker meets DAZN,Sports,German
126,Technik und mehr,Technology,German
127,KUNST PAUSE,Art,German
127,Deutschland3000,Society,German
127,Mordlust,True Crime,German
127,Der spirituelle Podcast,Spirituality,German
128,Science Vs,Science,English
128,Song Exploder,Music,English
129,Business Wars,Business,English
129,Waveform,Technology,English
129,The Infinite Monkey Cage,Science,English
130,brand eins Podcast,Business,German
130,IQ Wissenschaft und Forschung,Science,German
130,Die Zeichen des Bösen,True Crime,German
130,KUNST PAUSE,Art,German
131,Science Vs,Science,English
131,Comedy Bang Bang,Comedy,English
131,Song Exploder,Music,English
132,All Songs Considered,Music,English
132,Talk Art,Art,English
132,The Infinite Monkey Cage,Science,English
132,Serial,True Crime,English
133,KUNST PAUSE,Art,German
133,Mordlust,True Crime,German
134,Buddhaweisheit,Spirituality,German
134,Der kreative Flow,Art,German
134,Lage der Liga,Sports,German
134,Cosmo – Machiavelli,Society,German
134,Stern Crime,True Crime,German
135,Baywatch Berlin,Comedy,German
135,Logbuch:Netzpolitik,Technology,German
135,Popcast,Music,German
135,Handelsblatt Today,Business,German
136,Feel Better Live More,Health,English
136,Reply All,Technology,English
137,How I Built This,Business,English
137,Song Exploder,Music,English
137,Crime Junkie,True Crime,English
137,Science Vs,Science,English
138,My Favorite Murder,True Crime,English
138,Code Switch,Society,English
138,Feel Better Live More,Health,English
138,ArtCurious,Art,English
138,Switched on Pop,Music,English
139,Herzzeit,Spirituality,German
139,Mordlust,True Crime,German
139,OMR Podcast,Business,German
139,Und was machst du am Wochenende?,Sports,German
140,Oprah’s SuperSoul,Spirituality,English
140,ArtCurious,Art,English
141,IQ Wissenschaft und Forschung,Science,German
141,Die sogenannte Gegenwart,Society,German
141,CT Uplink,Technology,German
142,Code Switch,Society,English
142,The Daily Show: Ears Edition,Comedy,English
143,Business Wars,Business,English
143,Crime Junkie,True Crime,English
143,All Songs Considered,Music,English
143,Feel Better Live More,Health,English
144,Wissenschaft im Brennpunkt,Science,German
144,Popcast,Music,German
144,Buddhaweisheit,Spirituality,German
144,Verbrechen,True Crime,German
144,Baywatch Berlin,Comedy,German
145,Und was machst du am Wochenende?,Sports,German
145,Gesund Leben,Health,German
145,Stern Crime,True Crime,German
145,Popcast,Music,German
146,Oprah’s SuperSoul,Spirituality,English
146,The Infinite Monkey Cage,Science,English
146,The Doctor's Farmacy,Health,English
147,Und was machst du am Wochenende?,Sports,German
147,CT Uplink,Technology,German
147,KUNST DRUCK,Art,German
147,brand eins Podcast,Business,German
147,Popcast,Music,German
148,Reply All,Technology,English
148,The Infinite Monkey Cage,Science,English
149,Buddhaweisheit,Spirituality,German
149,Verbrechen,True Crime,German
149,Einmal täglich Glück,Health,German
149,Reflektor,Music,German
149,Der kreative Flow,Art,German
150,Apotheken Umschau,Health,German
150,Herzzeit,Spirituality,German
150,OMR Podcast,Business,German
151,All Songs Considered,Music,English
151,The Daily Show: Ears Edition,Comedy,English
151,Morbid,True Crime,English
151,Pardon My Take,Sports,English
152,Code Switch,Society,English
152,On Being,Spirituality,English
153,The Tim Ferriss Show,Business,English
153,Code Switch,Society,English
153,Science Vs,Science,English
153,Comedy Bang Bang,Comedy,English
154,Serial,True Crime,English
154,The Tim Ferriss Show,Business,English
154,On Being,Spirituality,English
155,Kicker meets DAZN,Sports,German
155,Gesund Leben,Health,German
156,Baywatch Berlin,Comedy,German
156,Mordlust,True Crime,German
157,The Bill Simmons Podcast,Sports,English
157,How I Built This,Business,English
157,My Dad Wrote A Porno,Comedy,English
157,Healthier Together,Health,English
158,The Art History Babes,Art,English
158,Oprah’s SuperSoul,Spirituality,English
158,The Doctor's Farmacy,Health,English
159,The Doctor's Farmacy,Health,English
159,Pardon My Take,Sports,English
160,Waveform,Technology,English
160,Comedy Bang Bang,Comedy,English
160,Song Exploder,Music,English
161,Einmal täglich Glück,Health,German
161,Herzzeit,Spirituality,German
161,Mordlust,True Crime,German
161,Die sogenannte Gegenwart,Society,German
161,Und was machst du am Wochenende?,Sports,German
162,Gesund Leben,Health,German
162,Der kreative Flow,Art,German
162,Die Zeichen des Bösen,True Crime,German
162,Reflektor,Music,German
162,Buddhaweisheit,Spirituality,German
163,The Tim Ferriss Show,Business,English
163,The Ezra Klein Show,Society,English
163,On Being,Spirituality,English
164,Song Exploder,Music,English
164,Healthier Together,Health,English
164,Comedy Bang Bang,Comedy,English
164,Waveform,Technology,English
165,Waveform,Technology,English
165,The Daily Show: Ears Edition,Comedy,English
165,Feel Better Live More,Health,English
165,ArtCurious,Art,English
166,The Ezra Klein Show,Society,English
166,The Doctor's Farmacy,Health,English
166,The Vergecast,Technology,English
166,My Dad Wrote A Porno,Comedy,English
167,The Infinite Monkey Cage,Science,English
167,Code Switch,Society,English
168,Comedy Bang Bang,Comedy,English
168,Song Exploder,Music,English
168,Pardon My Take,Sports,English
169,How I Built This,Business,English
169,Football Weekly,Sports,English
169,Oprah’s SuperSoul,Spirituality,English
169,Reply All,Technology,English
170,Feel Better Live More,Health,English
170,The Art History Babes,Art,English
170,Switched on Pop,Music,English
171,Deutschland3000,Society,German
171,Und was machst du am Wochenende?,Sports,German
171,Laut gegen Nazis,Music,German
171,Der spirituelle Podcast,Spirituality,German
171,CT Uplink,Technology,German
172,All Songs Considered,Music,English
172,On Being,Spirituality,English
172,ArtCurious,Art,English
173,Oprah’s SuperSoul,Spirituality,English
173,Healthier Together,Health,English
173,Science Vs,Science,English
173,The Bill Simmons Podcast,Sports,English
174,My Dad Wrote A Porno,Comedy,English
174,Talk Art,Art,English
174,The Tim Ferriss Show,Business,English
175,Lage der Liga,Sports,German
175,Verbrechen,True Crime,German
175,Cosmo – Machiavelli,Society,German
175,Einmal täglich Glück,Health,German
175,OMR Podcast,Business,German
176,Hidden Brain,Society,English
176,Talk Art,Art,English
177,Hidden Brain,Society,English
177,The Doctor's Farmacy,Health,English
177,The Vergecast,Technology,English
178,On Being,Spirituality,English
178,Radiolab,Science,English
178,The Daily Show: Ears Edition,Comedy,English
178,My Favorite Murder,True Crime,English
179,A New Earth,Spirituality,English
179,How I Built This,Business,English
